{
  "cycle": 29875,
  "elapsed_seconds": 2462.253263235092,
  "stats": {
    "decisions": 298750000,
    "psi": 268869539,
    "false": 14943799,
    "true": 14936662,
    "logic": 896250000,
    "kernel_ok": 29875
  },
  "errors": [],
  "rate": 121331.95413354025
}